<?xml version="1.0" encoding="UTF-8"?>
<project-private xmlns="http://www.netbeans.org/ns/project-private/1">
    <editor-bookmarks xmlns="http://www.netbeans.org/ns/editor-bookmarks/2" lastBookmarkId="0"/>
    <open-files xmlns="http://www.netbeans.org/ns/projectui-open-files/2">
        <group>
            <file>file:/home/iapereira/NetBeansProjects/2703_web2/web/listar.jsp</file>
            <file>file:/home/iapereira/NetBeansProjects/2703_web2/src/java/servlet/TelaLinkarTrabPessoaServlet.java</file>
            <file>file:/home/iapereira/NetBeansProjects/2703_web2/src/java/modelo/Pessoa.java</file>
            <file>file:/home/iapereira/NetBeansProjects/2703_web2/src/java/servlet/TelaDetalharTrabalho.java</file>
            <file>file:/home/iapereira/NetBeansProjects/2703_web2/src/java/servlet/DesvincularPessoa.java</file>
            <file>file:/home/iapereira/NetBeansProjects/2703_web2/src/java/modelo/Trabalho.java</file>
            <file>file:/home/iapereira/NetBeansProjects/2703_web2/web/tela_detalhar_trabalho.jsp</file>
            <file>file:/home/iapereira/NetBeansProjects/2703_web2/src/java/modelo/Dependente.java</file>
            <file>file:/home/iapereira/NetBeansProjects/2703_web2/src/java/servlet/ListarServlet.java</file>
            <file>file:/home/iapereira/NetBeansProjects/2703_web2/src/java/servlet/LinkarTrabPessoaServlet.java</file>
            <file>file:/home/iapereira/NetBeansProjects/2703_web2/src/conf/persistence.xml</file>
            <file>file:/home/iapereira/NetBeansProjects/2703_web2/web/linkar.jsp</file>
        </group>
    </open-files>
</project-private>
